{"actions": [[0, [3.0, 3.0, 1.0, 0.0, 0.0, 0.0], [-0.005, 0.005, 0.001, 0.0, 0.0, 0.0], 0]], "objects": ["rrh", "rrs", "rsh", "rss", "srh", "srs", "ssh", "sss"], "environment": {"ssh": [[-0.37652, -0.04383]], "srh": [[-0.38334, -0.11278]], "rsh": [[-0.44258, -0.03139]], "rrh": [[-0.44944, -0.10279]], "sss": [[-0.50545, -0.02674]], "srs": [[-0.51257, -0.09933]], "rss": [[-0.56858, -0.01914]], "rrs": [[-0.57429, -0.09022]]}, "sensing_resolution": 4, "samples_per_pdf": 3, "motion_stack": [["sss", [-0.50545, -0.02674], [0, [3.0, 3.0, 1.0, 0.0, 0.0, 0.0], [-0.005, 0.005, 0.001, 0.0, 0.0, 0.0], 0], 2], ["ssh", [-0.37652, -0.04383], [0, [3.0, 3.0, 1.0, 0.0, 0.0, 0.0], [-0.005, 0.005, 0.001, 0.0, 0.0, 0.0], 0], 2], ["sss", [-0.50545, -0.02674], [0, [3.0, 3.0, 1.0, 0.0, 0.0, 0.0], [-0.005, 0.005, 0.001, 0.0, 0.0, 0.0], 0], 0], ["ssh", [-0.37652, -0.04383], [0, [3.0, 3.0, 1.0, 0.0, 0.0, 0.0], [-0.005, 0.005, 0.001, 0.0, 0.0, 0.0], 0], 1], ["sss", [-0.50545, -0.02674], [0, [3.0, 3.0, 1.0, 0.0, 0.0, 0.0], [-0.005, 0.005, 0.001, 0.0, 0.0, 0.0], 0], 1], ["ssh", [-0.37652, -0.04383], [0, [3.0, 3.0, 1.0, 0.0, 0.0, 0.0], [-0.005, 0.005, 0.001, 0.0, 0.0, 0.0], 0], 0], ["srs", [-0.51257, -0.09933], [0, [3.0, 3.0, 1.0, 0.0, 0.0, 0.0], [-0.005, 0.005, 0.001, 0.0, 0.0, 0.0], 0], 2], ["srh", [-0.38334, -0.11278], [0, [3.0, 3.0, 1.0, 0.0, 0.0, 0.0], [-0.005, 0.005, 0.001, 0.0, 0.0, 0.0], 0], 2], ["srs", [-0.51257, -0.09933], [0, [3.0, 3.0, 1.0, 0.0, 0.0, 0.0], [-0.005, 0.005, 0.001, 0.0, 0.0, 0.0], 0], 0], ["srh", [-0.38334, -0.11278], [0, [3.0, 3.0, 1.0, 0.0, 0.0, 0.0], [-0.005, 0.005, 0.001, 0.0, 0.0, 0.0], 0], 1], ["srs", [-0.51257, -0.09933], [0, [3.0, 3.0, 1.0, 0.0, 0.0, 0.0], [-0.005, 0.005, 0.001, 0.0, 0.0, 0.0], 0], 1], ["srh", [-0.38334, -0.11278], [0, [3.0, 3.0, 1.0, 0.0, 0.0, 0.0], [-0.005, 0.005, 0.001, 0.0, 0.0, 0.0], 0], 0], ["rss", [-0.56858, -0.01914], [0, [3.0, 3.0, 1.0, 0.0, 0.0, 0.0], [-0.005, 0.005, 0.001, 0.0, 0.0, 0.0], 0], 2], ["rsh", [-0.44258, -0.03139], [0, [3.0, 3.0, 1.0, 0.0, 0.0, 0.0], [-0.005, 0.005, 0.001, 0.0, 0.0, 0.0], 0], 2], ["rss", [-0.56858, -0.01914], [0, [3.0, 3.0, 1.0, 0.0, 0.0, 0.0], [-0.005, 0.005, 0.001, 0.0, 0.0, 0.0], 0], 0], ["rsh", [-0.44258, -0.03139], [0, [3.0, 3.0, 1.0, 0.0, 0.0, 0.0], [-0.005, 0.005, 0.001, 0.0, 0.0, 0.0], 0], 1], ["rss", [-0.56858, -0.01914], [0, [3.0, 3.0, 1.0, 0.0, 0.0, 0.0], [-0.005, 0.005, 0.001, 0.0, 0.0, 0.0], 0], 1], ["rsh", [-0.44258, -0.03139], [0, [3.0, 3.0, 1.0, 0.0, 0.0, 0.0], [-0.005, 0.005, 0.001, 0.0, 0.0, 0.0], 0], 0], ["rrs", [-0.57429, -0.09022], [0, [3.0, 3.0, 1.0, 0.0, 0.0, 0.0], [-0.005, 0.005, 0.001, 0.0, 0.0, 0.0], 0], 2], ["rrh", [-0.44944, -0.10279], [0, [3.0, 3.0, 1.0, 0.0, 0.0, 0.0], [-0.005, 0.005, 0.001, 0.0, 0.0, 0.0], 0], 2], ["rrs", [-0.57429, -0.09022], [0, [3.0, 3.0, 1.0, 0.0, 0.0, 0.0], [-0.005, 0.005, 0.001, 0.0, 0.0, 0.0], 0], 0], ["rrh", [-0.44944, -0.10279], [0, [3.0, 3.0, 1.0, 0.0, 0.0, 0.0], [-0.005, 0.005, 0.001, 0.0, 0.0, 0.0], 0], 1], ["rrs", [-0.57429, -0.09022], [0, [3.0, 3.0, 1.0, 0.0, 0.0, 0.0], [-0.005, 0.005, 0.001, 0.0, 0.0, 0.0], 0], 1], ["rrh", [-0.44944, -0.10279], [0, [3.0, 3.0, 1.0, 0.0, 0.0, 0.0], [-0.005, 0.005, 0.001, 0.0, 0.0, 0.0], 0], 0]], "skin_shape": [1, 1, 7]}